192.30.253.116,[],,,0,False
17.188.136.186,[],,,0,False
17.242.12.10,[],,,0,False
13.107.18.11,[],,,0,False
74.125.68.188,"[14, 15]",Netherlands,NL,2,True
14.139.160.172,[],,,0,False
192.30.253.116,[],,,0,False
17.188.136.186,[],,,0,False
17.242.12.10,[],,,0,False
13.107.18.11,[],,,0,False
74.125.68.188,"[14, 15]",Netherlands,NL,2,True
14.139.160.172,[],,,0,False
104.31.75.222,"[14, 15]",United States,US,37,False
104.31.75.222,"[14, 15]",United States,US,37,False
104.31.75.222,"[14, 15]",United States,US,37,False
104.31.75.222,"[14, 15]",United States,US,37,False
104.31.75.222,"[14, 15]",United States,US,37,False
104.31.75.222,"[14, 15]",United States,US,37,False
192.30.253.116,[],,,0,False
17.188.136.186,[],,,0,False
17.242.12.10,[],,,0,False
13.107.18.11,[],,,0,False
74.125.68.188,"[14, 15]",Netherlands,NL,2,True
14.139.160.172,[],,,0,False
104.31.75.222,"[14, 15]",United States,US,37,False
104.31.75.222,"[14, 15]",United States,US,37,False
104.31.75.222,"[14, 15]",United States,US,37,False
104.31.75.222,"[14, 15]",United States,US,37,False
104.31.75.222,"[14, 15]",United States,US,37,False
104.31.75.222,"[14, 15]",United States,US,37,False
172.217.27.202,[],,,0,False
205.180.87.146,[],,,0,False
103.243.221.46,"[14, 15]",Singapore,SG,6,False
199.244.50.54,[],,,0,False
151.101.0.133,[],,,0,False
151.101.0.133,[],,,0,False
151.101.0.133,[],,,0,False
54.248.112.18,[],,,0,False
17.248.162.164,[],,,0,False
172.217.166.74,[],,,0,False
192.30.253.117,[],,,0,False
192.30.253.117,[],,,0,False
172.217.26.226,[],,,0,False
185.108.84.142,[],,,0,False
18.235.48.161,[],,,0,False
185.108.84.142,[],,,0,False
34.238.88.79,[],,,0,False
34.238.88.79,[],,,0,False
34.238.88.79,[],,,0,False
34.238.88.79,[],,,0,False
